{
    "AttackScores": 6,
    "DefendScores": 1,
    "AttackPlayerIds": [
        "2.0.0.76561199044372880",
        "2.0.0.76561198426085675",
        "2.0.0.76561198926737294",
        "2.0.0.76561198036750593",
        "2.0.0.76561199022276768",
        "2.0.0.76561198364468123"
    ],
    "DefendPlayerIds": [
        "2.0.0.76561198969915406",
        "2.0.0.76561198003871990",
        "2.0.0.76561198069945113",
        "2.0.0.76561198256775086",
        "2.0.0.76561198265849956",
        "2.0.0.76561198860483266"
    ],
    "AttackRound": 6,
    "DefendRound": 1,
    "ServerName": "BLMM1",
    "Tag": {
        "IsMatchEnding": true,
        "RoundCount": 1
    },
    "_players": {
        "2.0.0.76561199044372880": {
            "player_id": "2.0.0.76561199044372880",
            "player_name": null,
            "damage": 50.0,
            "team_damage": 0.0,
            "tk_times": 0.0,
            "horse_damage": 0,
            "TKHorse1": 0,
            "KillNum1": 1,
            "death": 4,
            "assist": 0,
            "win": 0,
            "Lose1": 0,
            "Draw1": 0,
            "Infantry": 2,
            "Cavalry": 0,
            "Archer": 0,
            "Win_rounds": 0,
            "Lose_rounds": 1,
            "Draw_rounds": 0,
            "Total_rounds": 0
        },
        "2.0.0.76561198426085675": {
            "player_id": "2.0.0.76561198426085675",
            "player_name": null,
            "damage": 30.0,
            "team_damage": 18.0,
            "tk_times": 0.0,
            "horse_damage": 84,
            "TKHorse1": 0,
            "KillNum1": 0,
            "death": 4,
            "assist": 1,
            "win": 0,
            "Lose1": 0,
            "Draw1": 0,
            "Infantry": 2,
            "Cavalry": 0,
            "Archer": 0,
            "Win_rounds": 0,
            "Lose_rounds": 1,
            "Draw_rounds": 0,
            "Total_rounds": 0
        },
        "2.0.0.76561198926737294": {
            "player_id": "2.0.0.76561198926737294",
            "player_name": null,
            "damage": 119.0,
            "team_damage": 0.0,
            "tk_times": 0.0,
            "horse_damage": 0,
            "TKHorse1": 0,
            "KillNum1": 1,
            "death": 4,
            "assist": 2,
            "win": 0,
            "Lose1": 0,
            "Draw1": 0,
            "Infantry": 0,
            "Cavalry": 2,
            "Archer": 0,
            "Win_rounds": 0,
            "Lose_rounds": 1,
            "Draw_rounds": 0,
            "Total_rounds": 0
        },
        "2.0.0.76561198036750593": {
            "player_id": "2.0.0.76561198036750593",
            "player_name": null,
            "damage": 246.0,
            "team_damage": 85.0,
            "tk_times": 0.0,
            "horse_damage": 462,
            "TKHorse1": 0,
            "KillNum1": 2,
            "death": 1,
            "assist": 2,
            "win": 0,
            "Lose1": 0,
            "Draw1": 0,
            "Infantry": 0,
            "Cavalry": 0,
            "Archer": 1,
            "Win_rounds": 1,
            "Lose_rounds": 0,
            "Draw_rounds": 0,
            "Total_rounds": 0
        },
        "2.0.0.76561199022276768": {
            "player_id": "2.0.0.76561199022276768",
            "player_name": null,
            "damage": 237.0,
            "team_damage": 0.0,
            "tk_times": 0.0,
            "horse_damage": 338,
            "TKHorse1": 0,
            "KillNum1": 2,
            "death": 1,
            "assist": 4,
            "win": 0,
            "Lose1": 0,
            "Draw1": 0,
            "Infantry": 1,
            "Cavalry": 0,
            "Archer": 0,
            "Win_rounds": 1,
            "Lose_rounds": 0,
            "Draw_rounds": 0,
            "Total_rounds": 0
        },
        "2.0.0.76561198364468123": {
            "player_id": "2.0.0.76561198364468123",
            "player_name": null,
            "damage": 73.0,
            "team_damage": 0.0,
            "tk_times": 0.0,
            "horse_damage": 0,
            "TKHorse1": 0,
            "KillNum1": 2,
            "death": 4,
            "assist": 0,
            "win": 0,
            "Lose1": 0,
            "Draw1": 0,
            "Infantry": 2,
            "Cavalry": 0,
            "Archer": 0,
            "Win_rounds": 0,
            "Lose_rounds": 1,
            "Draw_rounds": 0,
            "Total_rounds": 0
        },
        "2.0.0.76561198969915406": {
            "player_id": "2.0.0.76561198969915406",
            "player_name": null,
            "damage": 66.0,
            "team_damage": 0.0,
            "tk_times": 0.0,
            "horse_damage": 0,
            "TKHorse1": 0,
            "KillNum1": 2,
            "death": 4,
            "assist": 1,
            "win": 0,
            "Lose1": 0,
            "Draw1": 0,
            "Infantry": 2,
            "Cavalry": 0,
            "Archer": 0,
            "Win_rounds": 0,
            "Lose_rounds": 1,
            "Draw_rounds": 0,
            "Total_rounds": 0
        },
        "2.0.0.76561198003871990": {
            "player_id": "2.0.0.76561198003871990",
            "player_name": null,
            "damage": 389.0,
            "team_damage": 0.0,
            "tk_times": 0.0,
            "horse_damage": 109,
            "TKHorse1": 0,
            "KillNum1": 6,
            "death": 1,
            "assist": 1,
            "win": 0,
            "Lose1": 0,
            "Draw1": 0,
            "Infantry": 0,
            "Cavalry": 1,
            "Archer": 0,
            "Win_rounds": 1,
            "Lose_rounds": 0,
            "Draw_rounds": 0,
            "Total_rounds": 0
        },
        "2.0.0.76561198069945113": {
            "player_id": "2.0.0.76561198069945113",
            "player_name": null,
            "damage": 342.0,
            "team_damage": 0.0,
            "tk_times": 0.0,
            "horse_damage": 0,
            "TKHorse1": 12,
            "KillNum1": 6,
            "death": 1,
            "assist": 2,
            "win": 0,
            "Lose1": 0,
            "Draw1": 0,
            "Infantry": 1,
            "Cavalry": 0,
            "Archer": 0,
            "Win_rounds": 1,
            "Lose_rounds": 0,
            "Draw_rounds": 0,
            "Total_rounds": 0
        },
        "2.0.0.76561198256775086": {
            "player_id": "2.0.0.76561198256775086",
            "player_name": null,
            "damage": 3.0,
            "team_damage": 0.0,
            "tk_times": 0.0,
            "horse_damage": 0,
            "TKHorse1": 0,
            "KillNum1": 0,
            "death": 4,
            "assist": 1,
            "win": 0,
            "Lose1": 0,
            "Draw1": 0,
            "Infantry": 0,
            "Cavalry": 2,
            "Archer": 0,
            "Win_rounds": 0,
            "Lose_rounds": 1,
            "Draw_rounds": 0,
            "Total_rounds": 0
        },
        "2.0.0.76561198265849956": {
            "player_id": "2.0.0.76561198265849956",
            "player_name": null,
            "damage": 105.0,
            "team_damage": 7.0,
            "tk_times": 0.0,
            "horse_damage": 0,
            "TKHorse1": 0,
            "KillNum1": 3,
            "death": 0,
            "assist": 3,
            "win": 0,
            "Lose1": 0,
            "Draw1": 0,
            "Infantry": 1,
            "Cavalry": 0,
            "Archer": 0,
            "Win_rounds": 1,
            "Lose_rounds": 0,
            "Draw_rounds": 0,
            "Total_rounds": 0
        },
        "2.0.0.76561198860483266": {
            "player_id": "2.0.0.76561198860483266",
            "player_name": null,
            "damage": 194.0,
            "team_damage": 8.0,
            "tk_times": 0.0,
            "horse_damage": 0,
            "TKHorse1": 0,
            "KillNum1": 5,
            "death": 2,
            "assist": 2,
            "win": 0,
            "Lose1": 0,
            "Draw1": 0,